"wikidata","label"
"Q5249093","Absolute Deception (Trenchard-Smith, 2013)"
"Q339127","Accidents Happen (Lancaster, 2009)"
"Q2823386","Acolytes (Hewitt, 2008)"
"Q15039372","Act of Necessity (Munro, 1991)"
"Q127600189","The Actress (2005)"
"Q91663313","Acute Misfortune (Wright, 2018)"
"Q3233052","Two Mothers (Fontaine, 2013)"
"Q255328","The Adventures of Priscilla, Queen of the Desert (Elliott, 1994)"
"Q121079737","Aftershocks (1998)"
"Q21198114","Alex & Eve (Andrikidis, 2015)"
"Q180363","Alexandra's Project (Heer, 2003)"
"Q24278847","Ali's Wedding (Walker, 2016)"
"Q4729070","All Men Are Liars (Lee, 1995)"
"Q4729104","All My Friends Are Leaving Brisbane (Alston, 2007)"
"Q132636551","All Night Gaming (Cusack, 2016)"
"Q4749060","Amy (Tass, 1997)"
"Q4762078","Angel Baby (Rymer, 1995)"
"Q65032687","Angel of Mine (Farrant, 2019)"
"Q4763958","Angst (Nettheim, 2000)"
"Q1144983","Animal Kingdom (Michôd, 2010)"
"Q60738656","Animals (Hyde, 2019)"
"Q4778174","Any Questions for Ben? (Sitch, 2012)"
"Q4795619","Around the Block (Spillane, 2013)"
"Q126077206","Ascendant (2021)"
"Q275180","Australia (Luhrmann, 2008)"
"Q48672667","Australia Day (Stenders, 2017)"
"Q4824629","Australian Rules (Goldman, 2002)"
"Q4830757","Aya (Hoaas, 1990)"
"Q16011764","The Babadook (Kent, 2014)"
"Q720724","Babe (Noonan, 1995)"
"Q690892","Babe: Pig in the City (Miller, 1998)"
"Q66712802","Babyteeth (Murphy, 2019)"
"Q132640010","Back from the Dead (1997)"
"Q4839322","Back of Beyond (Robertson, 1995)"
"Q127600429","The Backpacker (2009)"
"Q4839735","Backsliding (Target, 1992)"
"Q20001169","Backtrack (Petroni, 2015)"
"Q20814449","Backyard Ashes (Grentell, 2014)"
"Q39073553","Bad Blood (2017)"
"Q798641","Bad Boy Bubby (Heer, 1993)"
"Q4840227","Bad Bush (Genocchio, 2009)"
"Q1939403","Bad Eggs (Martin, 2003)"
"Q111493759","Bad Girl (Edquist, 2016)"
"Q970746","Bait 3D (Rendall, 2012)"
"Q2597292","Balibo (Connolly, 2009)"
"Q2409617","The Bank (Connolly, 2001)"
"Q15039628","Bathing Franky (Elliott, 2012)"
"Q127600153","Beast (2016)"
"Q2893302","Beautiful (O'Flaherty, 2009)"
"Q4877736","Beautiful Kate (Ward, 2009)"
"Q4879081","Bedevil (Moffatt, 1993)"
"Q127600385","Belladonna (2008)"
"Q127600297","Below (2019)"
"Q4887177","Beneath Clouds (Sen, 2002)"
"Q2986009","Beneath Hill 60 (Sims, 2010)"
"Q25212771","Berlin Syndrome (Shortland, 2017)"
"Q7717381","The Bet (Lee, 2006)"
"Q4898542","Better Than Sex (Teplitzky, 2000)"
"Q28768860","Better Watch Out (Peckover, 2016)"
"Q5476352","Fovou tous Ellines (Tatoulis, 2000)"
"Q4900000","Beyond My Reach (Burstall, 1990)"
"Q127543656","Big Mamma's Boy (2011)"
"Q7717807","The Big Steal (Tass, 1990)"
"Q4906898","Bigger Than Tina (Foley, 1999)"
"Q127600891","Bilched (2019)"
"Q4912057","Billy's Holiday (Wherrett, 1995)"
"Q110982391","Birthday (Harkness, 2009)"
"Q12102493","Bitter & Twisted (Weekes, 2008)"
"Q127600273","Bitter Art (2010)"
"Q3414343","Black and White (Lahiff, 2002)"
"Q4920204","Black & White & Sex (Winter, 2011)"
"Q1755928","The Black Balloon (Down, 2008)"
"Q880515","Black Robe (Beresford, 1991)"
"Q880636","Black Water (Traucki/Nerlich, 2007)"
"Q97486327","Black Water: Abyss (Traucki, 2020)"
"Q4922836","Blackfellas (Ricketson, 1993)"
"Q2905586","Blackrock (Vidler, 1997)"
"Q15039394","Blackwater Trail (Barry, 1995)"
"Q4924690","Blame (Henry, 2011)"
"Q4926230","Blessed (Kokkinos, 2009)"
"Q4926523","Blind Company (Tsilimidos, 2009)"
"Q4926690","Blinder (Gray, 2013)"
"Q804498","Blinky Bill (Gross, 1992)"
"Q3416461","Blood Oath (Wallace, 1990)"
"Q48672582","Bloodlands (2017)"
"Q4927978","Bloodlust (Hewitt, 1992)"
"Q127600809","Bloodshot Heart (2020)"
"Q98126098","Bloody Hell (Grierson, 2020)"
"Q127599798","Blue Lies (2008)"
"Q4930799","Blurred (Clarry, 2002)"
"Q1278728","Body Melt (Brophy, 1993)"
"Q4941409","Bondi Tsunami (Lucas, 2004)"
"Q4224682","The Book of Revelation (Kokkinos, 2006)"
"Q127600674","Book Week (2018)"
"Q2634003","Bootmen (Perry, 2000)"
"Q132636553","The Bouncer (2006)"
"Q4951724","Boxing Day (Stenders, 2007)"
"Q132636554","The Boy Castaways (2013)"
"Q39659543","Boy Erased (Edgerton, 2018)"
"Q7719728","The Boys (Woods, 1998)"
"Q1680405","The Boys Are Back (Hicks, 2009)"
"Q27959327","Boys in the Trees (Verso, 2016)"
"Q4952040","BoyTown (Carlin, 2006)"
"Q4956299","Bran Nue Dae (Perkins, 2009)"
"Q15039809","Breakaway (McLennan, 1990)"
"Q47244559","Breath (Baker, 2017)"
"Q4959906","Breathing Under Water (Dermody, 1991)"
"Q1190988","Bright Star (Campion, 2009)"
"Q4968055","Brilliant Lies (Franklin, 1996)"
"Q27959330","Broke (Davis, 2016)"
"Q4973402","Broken Highway (McInnes, 1993)"
"Q4973484","Broken Sun (Haynes, 2008)"
"Q54020539","Brothers' Nest (Jacobson, 2018)"
"Q132636556","Bunny (2014)"
"Q85749544","Buoyancy (Rathjen, 2019)"
"Q127600794","Burke & Wills (2007)"
"Q110504804","Burning Kiss (2018)"
"Q4999868","Burning Man (Teplitzky, 2011)"
"Q38463307","The Butterfly Tree (2017)"
"Q5016137","Cactus (Carrucan, 2008)"
"Q280928","Candy (Armfield, 2006)"
"Q16972185","Canopy (Wilson, 2013)"
"Q5038998","Careless Love (Duigan, 2012)"
"Q39074257","Cargo (Howling/Ramke, 2017)"
"Q2471493","The Castle (Sitch, 1997)"
"Q7721707","The Caterpillar Wish (Sciberras, 2006)"
"Q5054430","Caught Inside (Blaiklock, 2010)"
"Q5056580","Cedar Boys (Caradee, 2009)"
"Q65051759","Celeste (Hackworth, 2018)"
"Q127543868","Cerulean Blue (2018)"
"Q1648869","Charlie & Boots (Murphy, 2009)"
"Q16736456","Charlie's Country (Heer, 2013)"
"Q106390587","Chasing Wonders (2020)"
"Q1977021","Children of the Revolution (Duncan, 1996)"
"Q164663","The Children of Huang Shi (Spottiswoode, 2008)"
"Q127600806","Chocolate Oyster (2019)"
"Q128855","Chopper (Dominik, 2000)"
"Q5123285","City Loop (Chayko, 2000)"
"Q3283639","Closed for Winter (Bogle, 2009)"
"Q1745723","Clubland (Nowlan, 2007)"
"Q5141012","Coffin Rock (Glasson, 2009)"
"Q4655994","A Cold Summer (Middleditch, 2003)"
"Q7726899","The Combination (Field, 2009)"
"Q127600808","The Combination: Redemption (2019)"
"Q132636557","The Competition (2014)"
"Q115676246","Convict (Basha, 2014)"
"Q132636559","Cooped Up (2016)"
"Q127543514","Corroboree (2007)"
"Q5173917","Cosi (Joffe, 1996)"
"Q4158757","Country Life (Blakemore, 1994)"
"Q12110058","Crackerjack (Moloney, 2002)"
"Q5180379","Crackers (Swann, 1998)"
"Q7727942","The Craic (Emery, 1999)"
"Q5187786","Crooked Business (Nyst, 2008)"
"Q7728163","The Crop (Patterson, 2004)"
"Q7728178","The Crossing (Ogilvie, 1990)"
"Q5190184","Crush (Soto, 2009)"
"Q127600752","Crushed (2015)"
"Q5192195","Cubbyhouse (Fahey, 2001)"
"Q922054","The Cup (Rinpoche, 1999)"
"Q7728406","The Cup (Wincer, 2011)"
"Q7728500","The Custodian (Dingwall, 1993)"
"Q978522","Cut (Rendall, 2000)"
"Q18164602","Cut Snake (Ayres, 2014)"
"Q5207857","Dad and Dave: On Our Selection (Whaley, 1995)"
"Q5208656","Dags (Fahey, 1998)"
"Q5211065","Dalkeith (Sheehan, 2001)"
"Q5211325","Dallas Doll (Turner, 1994)"
"Q41783910","Dance Academy: The Movie (Walker, 2017)"
"Q5215162","Dance Me to My Song (Heer, 1998)"
"Q60590159","Danger Close: The Battle of Long Tan (Stenders, 2019)"
"Q3430722","Danny Deckchair (Balsmeyer, 2003)"
"Q1127281","Dark City (Proyas, 1998)"
"Q122912809","The Darkside (2013)"
"Q3429332","Dating the Enemy (Huberman, 1996)"
"Q20745693","The Daughter (Stone, 2015)"
"Q127600422","The Day Neil Armstrong Walked On The Moon (2002)"
"Q1128499","Daybreakers (Spierig/Spierig, 2009)"
"Q7736524","The Girl Who Came Late (Mueller, 1991)"
"Q5245178","Dead Europe (Krawitz, 2012)"
"Q5245210","Dead Heart (Parsons, 1996)"
"Q5245250","Dead Letter Office (Ruane, 1997)"
"Q5245405","Dead Sleep (Mills, 1991)"
"Q5245524","Dead to the World (Gibson, 1991)"
"Q5245604","Deadly (Storm, 1991)"
"Q5246824","Dear Claudia (Cudlipp, 1999)"
"Q24905864","The Death and Life of Otto Bloom (2016)"
"Q666422","Death Defying Acts (Armstrong, 2007)"
"Q4424397","Death in Brunswick (Ruane, 1990)"
"Q132636561","Deceit (2013)"
"Q83730","December Boys (Hardy, 2007)"
"Q5249264","Deck Dogz (Pasvolsky, 2005)"
"Q127600651","Max's Dreaming (2002)"
"Q132636562","Desire (Mousoulis, 1999)"
"Q5271064","Diana & Me (Parker, 1997)"
"Q3028325","Dingo (Heer, 1991)"
"Q127600386","The Dinner Party (2008)"
"Q60737528","Dirt Music (Jordan, 2019)"
"Q4151182","Dirty Deeds (Caesar, 2002)"
"Q108030463","Disclosure (2020)"
"Q281830","Disgrace (Jacobs, 2008)"
"Q1410845","The Dish (Sitch, 2000)"
"Q3714858","Dr. Plonk (Heer, 2007)"
"Q123288117","Dogwatch (McInnes, 1999)"
"Q5288674","Doing Time for Patsy Cline (Kennedy, 1997)"
"Q42048160","Don't Tell (2017)"
"Q27959595","Down Under (Forsythe, 2016)"
"Q20814503","Downriver (Scicluna, 2015)"
"Q119819355","Dreamland (2009)"
"Q124311957","Dreams for Life (2004)"
"Q18389586","The Dressmaker (Moorhouse, 2015)"
"Q3415674","Drift (O'Neill, 2013)"
"Q15039740","Drive Hard (Trenchard-Smith, 2014)"
"Q106093003","The Drover’s Wife (Purcell, 2021)"
"Q21186168","Drown (Francis, 2015)"
"Q104374134","The Dry (Connolly, 2020)"
"Q5316988","Dust Off the Wings (Rogers, 1997)"
"Q110518235","The Dustwalker (Sciberras, 2019)"
"Q115394","Dying Breed (Dwyer, 2008)"
"Q23929932","Early Winter (Rowe, 2015)"
"Q5348951","Eight Ball (Argall, 1992)"
"Q107105075","Ellie & Abbie (Zanetti, 2020)"
"Q127543876","Ellipsis (2018)"
"Q5367072","Eloise (2002)"
"Q5368741","Em4Jay (Tsilimidos, 2008)"
"Q104177851","Emu Runner (2019)"
"Q127600266","Emulsion (2006)"
"Q5375590","Encounters (Fahey, 1993)"
"Q118946028","Envy (1999)"
"Q3415982","Epsilon (Heer, 1997)"
"Q4532625","Erskineville Kings (White, 1999)"
"Q120169016","Escape and Evasion (Ashwood, 2019)"
"Q62075994","Escape from Pretoria (Annan, 2020)"
"Q59453151","Event Zero (Tedeschi, 2017)"
"Q5417859","Everynight ... Everynight (Tsilimidos, 1994)"
"Q4081065","Exchange Lifeguards (Murphy, 1992)"
"Q5420265","Exile (Cox, 1994)"
"Q7732882","The Extra (Carlin, 2005)"
"Q3520813","The Eye of the Storm (Schepisi, 2011)"
"Q5428410","Face to Face (Rymer, 2011)"
"Q5437219","Fat Pizza (Fenech, 2003)"
"Q5437280","Fatal Bond (Monton, 1992)"
"Q4380063","Fatal Sky (Shields, 1990)"
"Q5437557","Father (Power, 1990)"
"Q127600946","The Fear Of Darkness (2014)"
"Q1400892","Feed (Leonard, 2005)"
"Q122912812","Fell (2014)"
"Q3068196","Felony (Saville, 2013)"
"Q198560","A Few Best Men (Elliott, 2011)"
"Q29907988","A Few Less Men (Lamprell, 2017)"
"Q4550854","15 Amore (Murphy, 1999)"
"Q127600283","Fat Legs (2016)"
"Q7733953","The Final Winter (Andrews/Forrest, 2007)"
"Q127600701","Finding Joy (2003)"
"Q7733988","The Finished People (Do, 2003)"
"Q5455347","Fistful of Flies (Pellizzari, 1996)"
"Q127599958","The Five Provocations (2018)"
"Q127665","Flirting (Duigan, 1991)"
"Q5459878","Floating Life (Law, 1996)"
"Q122925839","The Flood (2022)"
"Q5463640","Flynn (Howson, 1993)"
"Q5466613","Footy Legends (Do, 2006)"
"Q130465585","For Now (2017)"
"Q127600392","Force Of Destiny (2015)"
"Q612373","Fortress (Gordon, 1992)"
"Q132636563","Fortune (Scarf, 2009)"
"Q4638652","48 Shades (Lapaine, 2006)"
"Q5475706","Four of a Kind (Cochrane, 2008)"
"Q594030","Frauds (Elliott, 1993)"
"Q127600104","Freedom Deep (1997)"
"Q5502935","Fresh Air (Fahey, 1999)"
"Q109442804","The Furnace (2020)"
"Q2638438","Gabriel (Abbess/Lengyel, 2007)"
"Q67098007","Galore (Graham, 2013)"
"Q3007933","Garage Days (Proyas, 2002)"
"Q5522034","Garbo (Cobb, 1992)"
"Q127600199","The Gates Of Hell (2008)"
"Q107570772","The Gateway (Soto, 2018)"
"Q5553798","Get Away, Get Away (Fahey, 1992)"
"Q5554560","Gettin' Square (Teplitzky, 2003)"
"Q5563206","Gino (McKimmie, 1993)"
"Q21010855","Girl Asleep (Myers, 2015)"
"Q90297034","Go Karts (Trevor, 2020)"
"Q5576273","Goddess (Lamprell, 2013)"
"Q1138902","The Goddess of 1967 (Law, 2000)"
"Q17005455","Golden Braid (Cox, 1990)"
"Q25136735","Goldstone (Sen, 2016)"
"Q1537088","Gone (Ledwidge, 2007)"
"Q892735","The Great Gatsby (Luhrmann, 2013)"
"Q105102351","Great White (2021)"
"Q505135","Green Card (Weir, 1990)"
"Q5604194","Greenkeeping (Caesar, 1992)"
"Q5608758","Griff the Invisible (Ford, 2010)"
"Q28369717","Gringo (Edgerton, 2018)"
"Q2515683","Gross Misconduct (Miller, 1993)"
"Q86501880","H Is for Happiness (Sheedy, 2019)"
"Q21010856","Hacksaw Ridge (Gibson, 2016)"
"Q16641112","Hail (Courtin-Wilson, 2011)"
"Q3545539","Hammers Over the Anvil (Turner, 1993)"
"Q126800","Happy Feet (Miller, 2006)"
"Q816857","Happy Feet Two (Miller, 2011)"
"Q5654787","Harbour Beat (Elfick, 1990)"
"Q600253","The Hard Word (Roberts, 2002)"
"Q56596889","Harmony (2018)"
"Q3285042","Hating Alison Ashley (Bennett, 2005)"
"Q3415693","He Died with a Felafel in His Hand (Lowenstein, 2001)"
"Q2700562","Head On (Kokkinos, 1998)"
"Q15039629","Healing (Monahan, 2014)"
"Q15039741","A Heartbeat Away (Edwards, 2011)"
"Q7739216","The Heartbreak Kid (Jenkins, 1993)"
"Q73543245","Hearts and Bones (Lawrence, 2019)"
"Q1516308","Heaven's Burning (Lahiff, 1997)"
"Q127543723","The Heckler (2014)"
"Q4114646","Hercules Returns (Parker, 1993)"
"Q5737257","Here I Am (Cole, 2011)"
"Q5749159","Hey, Hey, It's Esther Blueburger (Randall, 2008)"
"Q87654420","High Ground (Johnson, 2020)"
"Q127600649","Hildegarde (2002)"
"Q20647417","Holding the Man (Armfield, 2015)"
"Q5880596","Holidays on the River Yarra (Berkeley, 1991)"
"Q143835","Holy Smoke! (Campion, 1999)"
"Q5368751","The Home Song Stories (Ayres, 2007)"
"Q7740191","The Honourable Wally Norman (Emery, 2003)"
"Q5236629","The Horseman (2008)"
"Q5905890","Horseplay (Kazantzidis, 2003)"
"Q127600742","Hostage To Fate (2004)"
"Q130582188","Hot Mess (2018)"
"Q5912157","Hotel de Love (Rosenberg, 1996)"
"Q27703167","Hotel Mumbai (Maras, 2018)"
"Q12124874","Hotel Sorrento (Franklin, 1995)"
"Q27962542","Hounds of Love (Young, 2016)"
"Q5916271","Housos vs. Authority (Fenech, 2012)"
"Q127600243","How Do You Know Chris? (2020)"
"Q5937650","Human Touch (Cox, 2004)"
"Q12124935","Hunt Angels (Morgan, 2006)"
"Q2118926","The Hunter (Nettheim, 2011)"
"Q4085738","Hunting (Howson, 1991)"
"Q5947021","Hurrah (Shields, 1998)"
"Q12124942","Hurricane Smith (Budds, 1992)"
"Q55762009","I Am Mother (Sputore, 2019)"
"Q67171163","I Am Woman (Moon, 2019)"
"Q2708907","I, Frankenstein (Beattie, 2014)"
"Q4535752","I Love You Too (Reid, 2010)"
"Q5988951","Idiot Box (Caesar, 1996)"
"Q12125013","The Illustrated Family Doctor (Stenders, 2005)"
"Q12125031","In a Savage Land (Bennett, 1999)"
"Q19874556","In the Winter Dark (Bogle, 1998)"
"Q7741792","The Independent (O'Keefe/Studley, 2007)"
"Q19874606","Infini (Abbess, 2015)"
"Q19874608","The Infinite Man (Sullivan, 2014)"
"Q127599899","The Inner Sanctuary (1996)"
"Q6035913","Innocence (Cox, 2000)"
"Q127600415","The Inside Story (2001)"
"Q7742367","The Interview (Monahan, 1998)"
"Q64004122","The Invisible Man (Whannell, 2020)"
"Q1778814","Irresistible (Turner, 2006)"
"Q127600287","Is This The Real World (2015)"
"Q2339315","The Jammed (McLachlan, 2007)"
"Q4303595","Japanese Story (Brooks, 2003)"
"Q27959325","Jasper Jones (Perkins, 2017)"
"Q1790524","Jindabyne (Lawrence, 2006)"
"Q58814991","Jirga (Gilmour, 2018)"
"Q27959460","Joe Cinque's Consolation (Dounoukos, 2016)"
"Q11310825","Joey (Barry, 1997)"
"Q19961325","John Doe: Vigilante (Dolen, 2014)"
"Q6289021","Josh Jarman (Mushin, 2004)"
"Q6302017","Jucy (Alston, 2010)"
"Q61450786","Judy and Punch (Foulkes, 2019)"
"Q110983659","June Again (Winlove, 2020)"
"Q28173325","Jungle (McLean, 2017)"
"Q127600106","Justice (1997)"
"Q127543930","Kairos (2019)"
"Q6376051","Kath & Kimderella (Emery, 2012)"
"Q127600863","Katusha (2008)"
"Q6390950","Kenny (Jacobson, 2006)"
"Q6404196","Kick (Heys, 1999)"
"Q18165705","Kill Me Three Times (Stenders, 2014)"
"Q39075595","The Killing Ground (Power, 2016)"
"Q54801155","The King (Michôd, 2019)"
"Q7744536","The King is Dead (Heer, 2012)"
"Q8029053","Wog Boy 2: Kings of Mykonos (Andrikidis, 2010)"
"Q4657584","A Kink in the Picasso (Gracie, 1990)"
"Q1743756","Kiss or Kill (Bennett, 1997)"
"Q127600855","Kissing Paris (2008)"
"Q10968934","Kokoda (Grierson, 2006)"
"Q781604","Komodo (Lantieri, 1999)"
"Q6465315","La Spagnola (Jacobs, 2001)"
"Q58814676","Ladies in Black (Beresford, 2018)"
"Q6477009","Lake Mungo (2008)"
"Q690463","Lantana (Lawrence, 2001)"
"Q20751330","Last Cab To Darwin (Sims, 2015)"
"Q6494265","Last Dance (Pulbrook, 2012)"
"Q4315248","The Last Days of Chez Nous (Armstrong, 1992)"
"Q1660083","Last Ride (Ivin, 2009)"
"Q6494727","Last Train to Freo (Sims, 2006)"
"Q21095441","The Legend of Ben Hall (Holmes, 2016)"
"Q622763","Legend of the Guardians: The Owls of Ga'Hoole (Snyder, 2010)"
"Q127543437","Let Me Not (2004)"
"Q6532367","Let's Get Skase (George, 2001)"
"Q6537610","Lex and Rory (Murphy, 1994)"
"Q6544652","Life (Johnston, 1996)"
"Q15039826","The Life of Harry Dare (Vellis, 1995)"
"Q1511623","Lightning Jack (Wincer, 1994)"
"Q1984949","Like Minds (Read, 2006)"
"Q6547664","Lilian's Story (Domaradzki, 1996)"
"Q23013699","Lion (Davis, 2015)"
"Q115627291","A Lion Returns (2020)"
"Q987973","A Little Bit of Soul (Duncan, 1998)"
"Q19875286","The Little Death (Lawson, 2014)"
"Q1865670","Little Fish (Woods, 2005)"
"Q64174928","Little Monsters (Forsythe, 2019)"
"Q56604946","Locusts (2019)"
"Q109352492","Lone Wolf (Ogilvie, 2021)"
"Q127599762","The Long Line (1993)"
"Q104786128","Long Story Short (Lawson, 2021)"
"Q12125818","Look Both Ways (Watt, 2005)"
"Q834367","Looking for Alibrandi (Woods, 2000)"
"Q20751332","Looking for Grace (Brooks, 2015)"
"Q421583","Lore (Shortland, 2012)"
"Q127600813","Lost And Found (2006)"
"Q11786367","Lost Things (Murphy, 2003)"
"Q3260102","Lou (Chayko, 2010)"
"Q6691661","Love and Other Catastrophes (Croghan, 1996)"
"Q127599544","Love in Ambush (1997)"
"Q6691803","Love in Limbo (Elfick, 1993)"
"Q127599917","Love In The First Degree (2006)"
"Q127543726","Love Is Now (2014)"
"Q3491414","Love Serenade (Barrett, 1996)"
"Q127600175","Love You Like That (2021)"
"Q2296492","The Loved Ones (Byrne, 2009)"
"Q1306776","Love's Brother (Sardi, 2004)"
"Q132636565","Lovesick (Mousoulis, 2003)"
"Q56277621","LoveStuck (Fahey, 2017)"
"Q127600370","Low-Fat Elephants (2000)"
"Q6697866","Lucky Break (Lewin, 1994)"
"Q6697875","Lucky Country (Stenders, 2009)"
"Q6697962","Lucky Miles (Rowland, 2007)"
"Q6705261","Lust and Revenge (Cox, 1986)"
"Q6721611","Mabo (Perkins, 2012)"
"Q3841961","Macbeth (Wright, 2006)"
"Q6725911","Mad Bastards (Fletcher, 2011)"
"Q6725917","Mad Bomber in Love (Bogle, 1992)"
"Q1757288","Mad Max: Fury Road (Miller, 2015)"
"Q15650834","The Magic Pudding (Zwicky, 2000)"
"Q7749533","The Magician (Ryan, 2005)"
"Q6744098","Mallboy (Giarrusso, 2001)"
"Q839908","The Man Who Sued God (Joffe, 2001)"
"Q19875370","Manny Lewis (Mir, 2015)"
"Q4658033","A Man's Gotta Do (Kennedy, 2004)"
"Q622877","Mao's Last Dancer (Beresford, 2009)"
"Q32424","Map of the Human Heart (Ward, 1992)"
"Q127543586","The Marriage Of Figaro (2009)"
"Q6778749","Mary (Pavlou, 1994)"
"Q1128756","Mary and Max (Elliot, 2009)"
"Q3428577","Matching Jack (Tass, 2010)"
"Q18654947","Maya the Bee Movie (Stadermann, 2014)"
"Q127600408","Me & My Left Brain (2019)"
"Q3429348","Me Myself I (Karmel, 2000)"
"Q116055825","Measure for Measure (2020)"
"Q6815990","Men's Group (Joy, 2008)"
"Q12126147","Mental (Hogan, 2012)"
"Q6822696","Metal Skin (Wright, 1994)"
"Q132636566","Mirror (2015)"
"Q60737579","Miss Fisher and the Crypt of Tears (Tilse, 2020)"
"Q7751722","The Missing (1999)"
"Q12126301","Mr. Accident (Serious, 2000)"
"Q6929129","Mr. Reliable (Tass, 1996)"
"Q12126226","Modern Love (Frayne, 2006)"
"Q127600183","The Venus Factory (1998)"
"Q6900802","Monkey Puzzle (Forstmann, 2008)"
"Q1712162","The Monkey's Mask (Lang, 2000)"
"Q21869637","A Month of Sundays (Saville, 2015)"
"Q115516441","Moon Rock For Monday (2021)"
"Q6917340","Mother Fish (Do, 2009)"
"Q193573","Moulin Rouge! (Luhrmann, 2001)"
"Q6932119","Muggers (Murphy, 2000)"
"Q127600721","Muirhouse (2012)"
"Q18611453","The Mule (Sampson/Mahony, 2014)"
"Q6934200","Mullet (Caesar, 2001)"
"Q1348275","Muriel's Wedding (Hogan, 1994)"
"Q121788928","Mushrooms (1995)"
"Q127600107","My Blessings (1997)"
"Q111988443","My First Summer (Found, 2020)"
"Q17558064","My Mistress (Lance, 2014)"
"Q6946075","My Mother Frank (Lamprell, 2000)"
"Q6946494","My Tehran for Sale (Moussavi, 2009)"
"Q6946660","My Year Without Sex (Watt, 2009)"
"Q15039743","Mystery Road (Sen, 2013)"
"Q3018979","Napoleon (Andreacchio, 1996)"
"Q6985914","Ned (Forsythe, 2003)"
"Q391542","Ned Kelly (Jordan, 2003)"
"Q6986572","Needle (Soto, 2010)"
"Q85788377","Never Too Late (2020)"
"Q2565495","Newcastle (Castle, 2008)"
"Q4327809","The Night We Called It a Day (Goldman, 2003)"
"Q29262902","The Nightingale (Kent, 2018)"
"Q521188","$9.99 (Rosenthal, 2008)"
"Q7040133","Nirvana Street Murder (Vellis, 1990)"
"Q7045189","No Worries (Elfick, 1994)"
"Q132636568","Nocturnal (1994)"
"Q12126635","Noise (Saville, 2007)"
"Q7754411","The Nostradamus Kid (Ellis, 1992)"
"Q12126653","Not Suitable for Children (Templeman, 2012)"
"Q132636570","The Nothing Men (2010)"
"Q30321633","Now Add Honey (Hope, 2015)"
"Q3489980","The Nugget (Bennett, 2002)"
"Q7754500","The Nun and the Bandit (Cox, 1992)"
"Q127600836","Observance (2016)"
"Q12126682","Occasional Coarse Language (1998)"
"Q104879905","Occupation: Rainfall (Sparke, 2020)"
"Q21095400","Oddball (McDonald, 2015)"
"Q7754873","The Old Man Who Read Love Stories (Heer, 2001)"
"Q7091069","On My Own (Tibaldi, 1991)"
"Q24807149","One Eyed Girl (ACS, 2013)"
"Q15040679","100 Bloody Acres (Cairnes/Cairnes, 2012)"
"Q127599844","One Less God (2018)"
"Q7093078","One Night the Moon (Perkins, 2001)"
"Q39074570","1% (McCallum, 2017)"
"Q7093117","One Perfect Day (Currie, 2004)"
"Q7094331","Only the Brave (Kokkinos, 1994)"
"Q3227001","Opal Dream (Cattaneo, 2006)"
"Q127600771","Orange Love Story (2005)"
"Q5230733","Oranges and Sunshine (Loach, 2010)"
"Q2033052","Oscar and Lucinda (Armstrong, 1997)"
"Q127543937","Outback (2019)"
"Q3358884","Over the Hill (Miller, 1992)"
"Q3359190","Oyster Farmer (Reeves, 2004)"
"Q27958101","The Pack (Robertson, 2015)"
"Q7755872","The Pact (Hamilton, 2003)"
"Q66305462","Palm Beach (Ward, 2019)"
"Q17020430","Paper Planes (Connolly, 2014)"
"Q2456097","Paperback Hero (Bowman, 1999)"
"Q1970669","Paradise Road (Beresford, 1997)"
"Q19263883","Partisan (Kleiman, 2015)"
"Q7142697","Passion (Duncan, 1999)"
"Q25136492","Pawno (Ireland, 2016)"
"Q3050175","Paws (Zwicky, 1997)"
"Q12126894","Peaches (Monahan, 2004)"
"Q38686109","Penguin Bloom (Ivin, 2020)"
"Q27964337","Peter Rabbit (Gluck, 2018)"
"Q117315","The Piano (Campion, 1993)"
"Q127600410","Pimped (2019)"
"Q127599808","Playing For Charlie (2010)"
"Q4418080","The Plex (Boyle, 2008)"
"Q49907029","Police Rescue (Carson, 1994)"
"Q127600301","Powder Burn (1999)"
"Q12126942","Praise (Curran, 1998)"
"Q17014394","Predestination (Spierig/Spierig, 2014)"
"Q7243324","Prime Mover (Caesar, 2009)"
"Q127600241","Promised (2019)"
"Q3407500","Proof (Moorhouse, 1991)"
"Q180337","The Proposition (Hillcoat, 2005)"
"Q3425650","The Quiet Room (Heer, 1996)"
"Q1544448","Quigley Down Under (Wincer, 1990)"
"Q1142799","Rabbit-Proof Fence (Noyce, 2002)"
"Q7280293","Radiance (Perkins, 1998)"
"Q4316368","The Rage in Placid Lake (McNamara, 2003)"
"Q4178880","The Railway Man (Teplitzky, 2013)"
"Q97355155","Rams (Sims, 2020)"
"Q18166399","Rats and Cats (Rogers, 2007)"
"Q7299693","Razzle Dazzle: A Journey into Dance (Ashton, 2007)"
"Q7759609","The Real Macaw (Andreacchio, 1998)"
"Q3421998","Reckless Kelly (Serious, 1993)"
"Q14921984","The Reckoning (Soto, 2014)"
"Q2135949","Red Dog (Stenders, 2011)"
"Q25437113","Red Dog: True Blue (Stenders, 2016)"
"Q3422730","Red Hill (Hughes, 2010)"
"Q7305447","Redball (Hewitt, 1994)"
"Q18340945","Redd Inc. (Krige, 2012)"
"Q7305893","Redheads (Vendramini, 1992)"
"Q1632707","The Reef (Traucki, 2010)"
"Q127600182","Reflections (1998)"
"Q127600242","Reflections In The Dust (2019)"
"Q87519760","Relic (James, 2020)"
"Q10359846","Resistance (Keays-Byrne, 1992)"
"Q2386658","Restraint (Denneen, 2008)"
"Q7317315","Return to Nim's Island (Maher, 2013)"
"Q70842752","Ride Like a Girl (Griffiths, 2019)"
"Q20649639","Rise (Lindon, 2014)"
"Q7336223","Risk (White, 2001)"
"Q7337831","River Street (Mahood, 1996)"
"Q7339544","Road to Nhill (Brooks, 1997)"
"Q2710763","Road Kill (Francis, 2010)"
"Q127600877","Roadman (2009)"
"Q13016302","The Rocket (Mordaunt, 2013)"
"Q1515931","Rogue (McLean, 2007)"
"Q7761389","The Roly Poly Man (Young, 1994)"
"Q909098","Romper Stomper (Wright, 1992)"
"Q2548513","Romulus, My Father (Roxburgh, 2007)"
"Q7370819","Rough Diamonds (Crombie, 1994)"
"Q5042347","The Rover (Michôd, 2014)"
"Q21646947","Ruben Guthrie (Cowell, 2015)"
"Q7382032","Russian Doll (Kazantzidis, 2001)"
"Q4409438","Sahara (Trenchard-Smith, 1995)"
"Q7405219","Sally Marshall Is Not an Alien (Andreacchio, 1999)"
"Q7406587","Salvation (Cox, 2008)"
"Q2586958","Sample People (Smith, 2000)"
"Q1568425","Samson and Delilah (Thornton, 2009)"
"Q121788941","Sanctuary (Crespigny, 1995)"
"Q580351","Sanctum (Grierson, 2011)"
"Q2715076","The Sapphires (Blair, 2012)"
"Q16219215","Satellite Boy (McKenzie, 2012)"
"Q7428070","Save Your Legs! (Hicklin, 2012)"
"Q7429060","Say a Little Prayer (Lowenstein, 1993)"
"Q27703158","Scare Campaign (Cairnes/Cairnes, 2016)"
"Q115516611","The School (2018)"
"Q28768886","Science Fiction Volume One: The Osiris Child (Abbess, 2016)"
"Q127600847","The Second (2018)"
"Q7444459","Secrets (Pattinson, 1992)"
"Q15039523","Seeing Red (Rouse, 1992)"
"Q7448534","Selkie (Crombie, 2000)"
"Q7451053","Sensitive New-Age Killer (Savage, 2001)"
"Q3478948","September (Carstairs, 2007)"
"Q107068760","Sequin in a Blue Room (Grinsven, 2019)"
"Q127599775","Serenades (2001)"
"Q7458395","Sex Is a Four Letter Word (Fahey, 1995)"
"Q127599930","Shadows Of The Past (2009)"
"Q7494630","Sher Mountain Killings Mystery (Martin, 1990)"
"Q826494","Shine (Hicks, 1996)"
"Q127543379","Dope (2001)"
"Q7502504","Shotgun Wedding (Harmon, 1993)"
"Q2943754","Siam Sunset (Polson, 1999)"
"Q7512687","Signal One (Stewart, 1994)"
"Q7514631","Silent Partner (Tsilimidos, 2001)"
"Q7764269","The Silver Brumby (Tatoulis, 1992)"
"Q1542458","Sirens (Duigan, 1994)"
"Q127600885","6 Plots (2012)"
"Q127543729","Skin Deep (2014)"
"Q57975276","Slam (Sen-Gupta, 2018)"
"Q2294057","Sleeping Beauty (Leigh, 2011)"
"Q127600733","Smoke Between Trees (2021)"
"Q2133240","Snowtown (Kurzel, 2011)"
"Q7553895","Soft Fruit (Andreef, 1999)"
"Q7558421","Solo (O'Neill, 2006)"
"Q1513503","Somersault (Shortland, 2004)"
"Q127600304","Somewhere In The Darkness (1999)"
"Q7560679","Son of a Gun (Avery, 2014)"
"Q7560680","Son of a Lion (Gilmour, 2007)"
"Q7765441","The Sound of One Hand Clapping (Flanagan, 1996)"
"Q7568509","South Solitary (Barrett, 2010)"
"Q7573492","Spank! (Clark, 1999)"
"Q7577049","Spider and Rose (Bennett, 1994)"
"Q26806022","Spin Out (Ferguson/Gracie, 2016)"
"Q4431081","Spotswood (Joffe, 1992)"
"Q13582546","The Square (Edgerton, 2008)"
"Q22075207","StalkHer (Jarratt/Fairfax, 2015)"
"Q7597991","Stan and George's New Life (McKenzie, 1992)"
"Q96406413","Standing Up for Sunny (2019)"
"Q123740717","A Stitch in Time (2022)"
"Q7618883","Stone Bros. (Frankland, 2009)"
"Q7619903","Storage (Craft, 2009)"
"Q48672814","Storm Boy (Seet, 2019)"
"Q601100","Strange Bedfellows (Murphy, 2004)"
"Q109917956","Strange Colours (2018)"
"Q3488146","Strange Fits of Passion (McCredie, 1999)"
"Q1282904","Strange Planet (Croghan, 1999)"
"Q104903195","The Stranger (Wright, 2022)"
"Q16199403","Strangerland (Farrant, 2015)"
"Q7621579","Strangers (Lahiff, 1991)"
"Q106606563","Streamline (2021)"
"Q1346439","Strictly Ballroom (Luhrmann, 1992)"
"Q3500604","Struck by Lightning (Domaradzki, 1990)"
"Q12128471","Subdivision (Brooks, 2009)"
"Q2579375","Suburban Mayhem (Goldman, 2006)"
"Q110269018","Suburban Wildlife (2019)"
"Q122839446","Sucker (2015)"
"Q7767193","The Sugar Factory (Carter, 1999)"
"Q1518910","The Sum of Us (Dowling, 1994)"
"Q127599809","Summer Coda (Gray, 2010)"
"Q117348347","A Sunburnt Christmas (2020)"
"Q123669717","Surviving Georgia (2011)"
"Q35144519","Sweet Country (Thornton, 2017)"
"Q127600729","Sweet River (2020)"
"Q7655538","Sweet Talker (Jenkins, 1991)"
"Q15039544","Sweethearts (Talbot, 1990)"
"Q7655916","Swerve (Lahiff, 2011)"
"Q28797344","Swinging Safari (Elliott, 2018)"
"Q7677566","nan (Gracie, 2003)"
"Q7679625","Talk (Lambert, 1994)"
"Q21428148","Tanna (Butler/Dean, 2015)"
"Q132048423","The Taverna (2019)"
"Q7694561","Teesh and Trude (Rodriga, 2002)"
"Q127543312","Tempting A Married Man (1992)"
"Q169087","Ten Canoes (Heer, 2006)"
"Q7699189","Ten Empty (Hayes, 2008)"
"Q4546916","10 Terrorists (McLachlan, 2012)"
"Q7768424","The Tender Hook (Ogilvie, 2008)"
"Q7703117","Terra Nova (Middleditch, 1998)"
"Q3522287","Thank God He Met Lizzie (Nowlan, 1997)"
"Q56744258","That Eye, the Sky (Ruane, 1994)"
"Q28429752","That's Not Me (Erdstein, 2017)"
"Q17056664","These Final Hours (Hilditch, 2013)"
"Q7785141","Thirst (Carter, 2012)"
"Q4635211","33 Postcards (Chan, 2011)"
"Q12129249","This Won't Hurt a Bit (Kennedy, 1993)"
"Q7797343","Three Blind Mice (Newton, 2008)"
"Q7797456","Three Dollars (Connolly, 2005)"
"Q34411664","Three Summers (Elton, 2017)"
"Q505053","Thunderstruck (Ashton, 2004)"
"Q7802187","Till Human Voices Wake Us (Petroni, 2002)"
"Q7802205","Till There Was You (Seale, 1990)"
"Q7810947","To Have & to Hold (Hillcoat, 1996)"
"Q7818034","Tom White (Tsilimidos, 2004)"
"Q115993","Tomorrow, When the War Began (Beattie, 2010)"
"Q7824128","Toomelah (Sen, 2011)"
"Q61740832","Top End Wedding (Blair, 2019)"
"Q110940206","Dawn (2014)"
"Q20076479","Touch Me (Cox, 1993)"
"Q3523062","The Tracker (Heer, 2002)"
"Q7831579","Tracks (Curran, 2013)"
"Q7835668","Traps (Chan, 1994)"
"Q7836076","Travelling Light (Millard, 2003)"
"Q1323303","The Tree (Bertuccelli, 2010)"
"Q56274013","True History of the Kelly Gang (Kurzel, 2019)"
"Q7847467","True Love and Chaos (Kazantzidis, 1996)"
"Q127543651","The Tumbler (2010)"
"Q3015204","The Tunnel (Ledesma, 2011)"
"Q7853299","Tunnel Vision (Fleury, 1995)"
"Q7770748","The Turning (Wasikowska/Ayres/Lucas/Wenham/Thornton/McCarthy/Meadows/Kurzel/Connolly/Gladwell/Stone/Page/Lifschitz/Heide/Clerc/Graham/Page/Walsh/Blanchett, 2013)"
"Q97332807","Turning April (Bennett, 1995)"
"Q7856378","Turtle Beach (Wallace, 1992)"
"Q99751860","2067 (Larney, 2020)"
"Q7858279","Twin Rivers (Holmes, 2007)"
"Q7858956","Two Fists, One Heart (Seet, 2008)"
"Q2699724","Two Hands (Jordan, 1999)"
"Q106819280","Two Heads Creek (O'Brien, 2019)"
"Q221992","2:37 (Thalluri, 2006)"
"Q4633009","2:22 (Currie, 2017)"
"Q1810314","Undead (Spierig/Spierig, 2003)"
"Q127600934","Under A Red Moon (2009)"
"Q127599938","Suite For Fleur (2012)"
"Q7883338","Under the Lighthouse Dancing (Rattigan, 1997)"
"Q7883370","Under the Radar (Clarry, 2004)"
"Q117790071","Undertow (2018)"
"Q7884348","Unfinished Sky (Duncan, 2007)"
"Q19880155","UNindian (Sharma, 2015)"
"Q127600737","Unsound (2021)"
"Q571053","Until the End of the World (Wenders, 1991)"
"Q30611788","Upgrade (Whannell, 2018)"
"Q7907878","Vacant Possession (Nash, 1995)"
"Q24154","Van Diemen's Land (Heide, 2009)"
"Q127599795","Verite (2007)"
"Q86756922","The Very Excellent Mr. Dundee (Murphy, 2020)"
"Q17030791","Video Fool for Love (Gibson, 1996)"
"Q115516820","The View from Greenhaven (2008)"
"Q7936343","Visitors (Franklin, 2003)"
"Q7960530","Waiting (McKimmie, 1991)"
"Q7773224","The Waiting City (McCarthy, 2009)"
"Q132636571","Wakey Wakey (2012)"
"Q7962123","Walk the Talk (Barrett, 2001)"
"Q2542475","Walking on Water (Ayres, 2002)"
"Q7773437","The Wannabes (Giannopoulos, 2003)"
"Q127600184","Waste (1998)"
"Q7972859","Wasted on the Young (Lucas, 2010)"
"Q127600159","Watch The Sunset (2017)"
"Q15411503","The Water Diviner (Crowe, 2014)"
"Q122912808","Watermark (Willis, 2003)"
"Q127600212","The Wedding Party (2012)"
"Q7979467","Weekend with Kate (Nicholson, 1990)"
"Q2902017","Welcome to Woop Woop (Elliott, 1997)"
"Q5361998","The Well (Lang, 1997)"
"Q15039829","Wendy Cracked a Walnut (Pattinson, 1990)"
"Q7984203","West (Krige, 2007)"
"Q85815146","West of Sunshine (2017)"
"Q7991170","What I Have Written (Hughes, 1996)"
"Q127600973","What If It Works? (2017)"
"Q109236379","When Pomegranates Howl (Moussavi, 2020)"
"Q1168478","Wide Sargasso Sea (Duigan, 1993)"
"Q127543506","Wil (2006)"
"Q8002650","WillFull (Penfold-Russell, 2002)"
"Q28129017","William Kelly's War (Davis, 2014)"
"Q28968028","Winchester (Spierig/Spierig, 2018)"
"Q15706385","Wish You Were Here (Darcy-Smith, 2011)"
"Q7775405","The Wog Boy (Vellis, 2000)"
"Q1633106","Wolf Creek (McLean, 2005)"
"Q16022015","Wolf Creek 2 (McLean, 2014)"
"Q4660710","A Woman's Tale (Cox, 1991)"
"Q12816822","Wyrmwood (Roache-Turner, 2014)"
"Q2914816","X: Night of Vengeance (Hewitt, 2011)"
"Q8054799","Yolngu Boy (Johnson, 2001)"
"Q8057696","You and Your Stupid Mate (Gracie, 2005)"
"Q127599763","You Can't Push The River (1993)"
"Q4466958","You Can't Stop the Murders (Mir, 2003)"
"Q8073901","Zone 39 (Tatoulis, 1996)"
